MMA, instructional or competition	Starting Position 	Type of technique	Technique name	Video source url	Tags	Fighters doing the technique	Fighter receiving the technique	GIF Link	GIF filename	Needs review? 
MMA	Half guard (bottom)	Sweep	Single leg half guard sweep	https://ok.ru/video/2372274350	underhook, half guard, bottom, sweep, single leg	Dustin Poirier	Chang Sung Jung	https://media.giphy.com/media/iDMdKjnHlAIXxtFJrL/giphy.gif	animation (22).gif	
MMA	Standing	Takedown defense	Sprawl	https://ok.ru/video/2372274350	sprawl, double leg, takedown, defense	Chang Sung Jung	Dustin Poirier	https://media.giphy.com/media/7zlZmTS0mrtR9chEOI/giphy.gif	animation (23).gif	
MMA	Standing	Takedown	Ko soto gari double underhooks outside trip	https://cf-w2.streamablevideo.com/video/mp4/p98h.mp4?token=1518609758-qS8ezek6Dkk1mSajwCcjn%2BjbCcdyDlokRLb2tBe%2FziU%3D	takedown, outside leg trip, double underhooks, ko soto gari,	Karon Parysian	Thiago Alves	https://media.giphy.com/media/t6mheNC9ad7jynZhtM/giphy.gif	animation (24).gif	
MMA	Standing	Submission defense	Guillotine prevention with posture/head position	https://cf-e2.streamablevideo.com/video/mp4/iqvx.mp4?token=1518609891-py%2BRHDhfTsPfav8AAhjZFaEUGpXvov1hMkUSLR7md6c%3D	guillotine, posture, prevention, head up, ear to the ribs	Charles Oliveira	Ricardo Lamas	https://media.giphy.com/media/46hwlqSVScH3bpuPM7/giphy.gif	animation (25).gif	
MMA	Standing	Takedown	Double underhooks side reverse hip throw (ushiro goshi)	https://cf-e2.streamablevideo.com/video/mp4/iqvx.mp4?token=1518609891-py%2BRHDhfTsPfav8AAhjZFaEUGpXvov1hMkUSLR7md6c%3D	takedown, double underhooks, reverse hip throw, ushiro goshi	Charles Oliveira	Ricardo Lamas	https://media.giphy.com/media/cYWZ3X7cmdmC9oqf7M/giphy.gif	animation (26).gif	
MMA	Guard (bottom)	Submission mistake	Guillotine mistake	https://cf-e2.streamablevideo.com/video/mp4/sbzth.mp4?token=1518347786-DB85lPRiKlvlTfXBRuh7BprmBfvLS4dqw14I%2FNUSrQs%3D	mistake, didn't hook the leg, allowed side control,	Jason Mcdonald	Demian Maia	https://media.giphy.com/media/Y0wbGb7Axgh2buPEgN/giphy.gif	animation (32).gif	
MMA	Guard (top)	Submission defense	Guillotine defense	https://cf-e2.streamablevideo.com/video/mp4/sbzth.mp4?token=1518347786-DB85lPRiKlvlTfXBRuh7BprmBfvLS4dqw14I%2FNUSrQs%3D	arm behind the back, tripod, crossface, pass to side control,	Demian Maia	Jason Mcdonald	https://media.giphy.com/media/Y0wbGb7Axgh2buPEgN/giphy.gif	animation (32).gif	
MMA	Side control (top)	Back take	Back take from side control	https://cf-e2.streamablevideo.com/video/mp4/sbzth.mp4?token=1518347786-DB85lPRiKlvlTfXBRuh7BprmBfvLS4dqw14I%2FNUSrQs%3D	transition, side control, north south, back take,  opponent underhooks, switch sides,	Demian Maia	Jason Mcdonald	https://media.giphy.com/media/3sdIpy4rDSEXXw9yCG/giphy.gif	animation (33).gif	
MMA	Standing	Takedown defense	Double leg takedown underhook defense	https://cf-e2.streamablevideo.com/video/mp4/hzhr3.mp4?token=1518348316-TGO6nDKazrEaOAnSL7t91%2BGbqizWZTE9ePRqDeJ8z38%3D	underhook, defense, double leg, takedown,	Demian Maia	Jason Mcdonald	https://media.giphy.com/media/1ykE6vCfozJhO6npKD/giphy.gif	animation (34).gif	
MMA	Half guard (top)	Guard pass	Walk the feet halfguard pass	https://cf-e2.streamablevideo.com/video/mp4/hzhr3.mp4?token=1518348316-TGO6nDKazrEaOAnSL7t91%2BGbqizWZTE9ePRqDeJ8z38%3D	half guard pass, walk the feet, push knee, 3/4 mount, pass to mount, hip switch, face the legs, face away	Demian Maia	Jason Mcdonald	https://media.giphy.com/media/9AIcIJsB91Pi0uiofk/giphy.gif	animation (35).gif	
MMA	Half guard (bottom)	Sweep	old school sweep	https://cf-e2.streamablevideo.com/video/mp4/j08wk.mp4?token=1518348370-NqpT3Bu1q1UiQYLmFfbCZ%2F9wDf2M%2BfxAh6gcG1s5P5s%3D	underhook, half guard, trap the leg, knee torque	Demian Maia	Jason Mcdonald	https://media.giphy.com/media/1gP0QeVhWVbtxlndEU/giphy.gif	animation (36).gif	
MMA	Guard (bottom)	Standing up	Stand up	https://cf-e2.streamablevideo.com/video/mp4/po2pw.mp4?token=1518615368-0ByFai23NcdtBN%2B1K3Mo%2BPk5kaN72%2FYmeOzafRqXjUo%3D	stand up from guard, frame, technical stand up,	George St Pierre	Dan Hardy	https://media.giphy.com/media/pGnHG3Tn4xlym6NMTf/giphy.gif	animation (27).gif	
MMA	Standing	Takedown	Ouchi Gari (inner leg reap) takedown	https://cf-e2.streamablevideo.com/video/mp4/7zhwv.mp4?token=1518616267-Rq9%2F4T0fXc5UlPaljJdcGbNsSE1YRKpwkGkonwz5oFY%3D	inner leg reap, takedown, ouchi gari, overhook on same side,	Charles Oliveira	Will Brooks	https://media.giphy.com/media/9V3jKXN9VKPXFD3gpz/giphy.gif	animation (31).gif	
MMA	Half guard (top)	Guard pass	Knee slice guard pass	https://cf-e2.streamablevideo.com/video/mp4/po2pw.mp4?token=1518615368-0ByFai23NcdtBN%2B1K3Mo%2BPk5kaN72%2FYmeOzafRqXjUo%3D	knee slice, underhook, guard pass, half guard,	George St Pierre	Dan Hardy	https://media.giphy.com/media/3rXyBz3eNNfq7aDPl2/giphy.gif	animation (30).gif	
MMA	North-south (top)	Submission	Kimura from north south	https://cf-e2.streamablevideo.com/video/mp4/xmoza.mp4?token=1518615593-HFdPB9sTF%2B5Wv60suaT7SdbKmcCl2b0erwazlK1VoE8%3D	kimura, north south	Geoge St Pierre	Dan Hardy	https://media.giphy.com/media/nKIWoaSOWDIFN27iQx/giphy.gif	animation (29).gif	
MMA	North-south (bottom)	Submission defense	Elbow to the floor kimura defense	https://cf-e2.streamablevideo.com/video/mp4/xmoza.mp4?token=1518615593-HFdPB9sTF%2B5Wv60suaT7SdbKmcCl2b0erwazlK1VoE8%3D	kimura, north south	Dan Hardy	George St Pierre	https://media.giphy.com/media/37mOfJOYYAT8vCA26N/giphy.gif	animation (28).gif	
MMA	Standing	Takedown defense	Sprawl with hip punch and overhook	http://video.fight4free.com/wx/souzaboetschfightvideo.mp4	sprawl, double leg, single leg, takedown, defense, hip punch, overhook,	Tim Boetsch	Ronaldo Souza	https://media.giphy.com/media/oO4yFgnHYRQrk7YWQP/giphy.gif	animation (4).gif	
MMA	Guard (top)	Guard pass	Same side knee press and backstep guard pass	https://cf-e2.streamablevideo.com/video/mp4/2v606.mp4?token=1518607542-r8iuNQZGWj5Hd4NpXPBr3G1dwJY%2FNhi7tfZXKULm1BQ%3D	same side knee, guard pass, 	Ronaldo Souza	Chris Camozzi	https://media.giphy.com/media/2Y7jj3YBXnTx9nVd94/giphy.gif	animation (3).gif	NEEDS NAME REVIEW
MMA	Side control (top)	Submission	Kimura	http://video.fight4free.com/wx/souzaboetschfightvideo.mp4	kimura, north south, step over the head, submission	Ronaldo Souza	Tim Boetsch	https://media.giphy.com/media/88i50DCNYxJ0fFYLQj/giphy.gif	animation (5).gif	
MMA	Guard (bottom)	Back take	Duck under punch to back take	https://ok.ru/video/1145440450	back take, arm across, duck under punch, punch defense, guard,	Diego Sanchez	Karo Parysian	https://media.giphy.com/media/MSCuR6LQXoO4X8J7ii/giphy.gif	animation (6).gif	
MMA	Butterfly guard (bottom)	Submission	butterfly guard to kneebar	https://ok.ru/video/1145440450	butterfly guard, elevation, kneebar	Diego Sanchez	Karo Parysian	https://media.giphy.com/media/5kFbZ5NHrbJV2s6xo1/giphy.gif	animation (7).gif	
MMA	Standing	Takedown defense	Grapevine single leg	https://ok.ru/video/42718071322	takedown defense, counter, single leg, grapevine, overhook, underhook,	Gunnar Nelson	Demian Maia	https://media.giphy.com/media/jwYqvrM6qjT5ZiGY6e/giphy.gif	animation (8).gif	NEEDS NAME REVIEW
MMA	Standing	Transition	pumelling for double underhook	https://ok.ru/video/42718071322	takedown, defense, position, control, double underhook,	Demian Maia	Gunnar Nelson	https://media.giphy.com/media/8Z8ZXraGNb33zzUSoM/giphy.gif	animation (9).gif	
MMA	Standing	Takedown	Single leg finish	https://ok.ru/video/42718071322	takedown, single leg finish	Demian Maia	Gunnar Nelson	https://media.giphy.com/media/33GbVmaXZCD9TWc0Le/giphy.gif	animation (10).gif	
MMA	Half guard (top)	Transition	Back step from half guard	https://ok.ru/video/42718071322	half guard, transition, backstep, advance in position,	Gunnar Nelson	Demian Maia	https://media.giphy.com/media/5nqwlAgYEQHAtYtdcu/giphy.gif	animation (11).gif	
MMA	Back control	Submission defense	Hitchhiker Armbar defense	https://ok.ru/video/42718071322	armbar defense, hitchhike, thumb sideways,	Gunnar Nelson	Demian Maia	https://media.giphy.com/media/1JS6YAJn7LjTy7ysyE/giphy.gif	animation (12).gif	
MMA	Standng	Takedown	Run the pipe single leg takedown finish	https://ok.ru/video/42718071322	takedown, single leg, run the pipe finish,	Demian Maia	Gunnar Nelson	https://media.giphy.com/media/TDLrUnKseKRAA3C3UZ/giphy.gif	animation (13).gif	
MMA	Back control	Submission	Armbar from the back	https://streamableseast.b-cdn.net/video/mp4/6s650.mp4?token=1519588035_5cd6400e303b0764db524ae44246673babc0ae5b	armbar from the back, double wrist control	Fabricio Werdum	Walt Harris	https://media.giphy.com/media/euMbHUJiaJVgUkGZTW/giphy.gif	animation (14).gif	
MMA	Guard (bottom)	Strike defense	Punch block protection	https://ok.ru/video/237810877787	punch block protection, touching the head, turn sideways, scoot the hips,	Nick Diaz	Diego Sanchez	https://media.giphy.com/media/1BeVCkbx2hqXVaWXc0/giphy.gif	animation (15).gif	
MMA	Turtle (bottom)	Guard recovery	Granby roll guard recovery	https://ok.ru/video/237810877787	granby roll, guard recovery, turtle,	Nick Diaz	Diego Sanchez	https://media.giphy.com/media/87jEr5j1yhFxDd4iDq/giphy.gif	animation (16).gif	
MMA	Back control	Back take	Back take prevention with underhook	https://ok.ru/video/237810877787	underhook, back take prevention, defense,	Nick Diaz	Diego Sanchez	https://media.giphy.com/media/8ZekU6Ob2x4xpSn0ta/giphy.gif	animation (17).gif	
MMA	Guard (bottom)	Strike defense	Guard clinch and punch protection	https://ok.ru/video/237810877787	punch protection, guard clinch,	Diego Sanchez	Nick Diaz	https://media.giphy.com/media/8ZekU6Ob2x4xpSn0ta/giphy.gif	animation (18).gif	
MMA	Standing	Takedown defense	Single leg turn-away takedown defense	https://ok.ru/video/237810877787	single leg defense, pull leg away, turn away,	Nick Diaz	Diego Sanchez	https://media.giphy.com/media/KYWcr200MPOl2banpm/giphy.gif	animation (19).gif	NEEDS NAME REVIEW
MMA	Guard (top)	Control	Inside bicep control pumelling	http://www.dailymotion.com/video/x8bzt0	pumelling, inside bicep control,	Fedor Emelianenko	Heath Herring	https://media.giphy.com/media/fo2h9Rp8JXNXm7KfpS/giphy.gif	animation (20).gif	
MMA	Standing	Takedown	Ura nage underhook clinch back take and rear throw	http://www.dailymotion.com/video/x8bzt0	underhook, walk around to the back, back take, ura nage, rear throw,	Fedor Emelianenko	Heath Herring	https://media.giphy.com/media/KWg6ajLLANL7DvuA11/giphy.gif	animation (21).gif	
MMA	Standing	Takedown	Overhook uchi mata	https://ok.ru/video/7617514096	overhook, uchi mata, takedown, counter	Kazushi Sakuraba	Carlos Newton	https://media.giphy.com/media/5ngUPD6WnSbiivQegP/giphy.gif	animation (37).gif	
MMA	Side control (bottom)	Submission defense	back roll armbar escape	https://ok.ru/video/7617514096	armbar defense, escape, back roll,	Carlos Newton	Kazushi Sakuraba	https://media.giphy.com/media/PgQDlZjZKN3NyDptEy/giphy.gif	animation (90).gif	
MMA	Guard (top)	Submission	Toehold	https://ok.ru/video/7617514096	toehold, open guard, rolling,	Kazushi Sakuraba	Carlos Newton	https://media.giphy.com/media/wadxOLptPplF6RKSyO/giphy.gif	animation (39).gif	
MMA	Standing	Takedown	Tani otoshi sit down from the back	https://ok.ru/video/7617514096	takedown, back control, sit down, double underhooks, tani otoshi,	Carlos Newton	Kazushi Sakuraba	https://media.giphy.com/media/wJFJYTiBwN1q3y0fGo/giphy.gif	animation (40).gif	
MMA	Turtle (top)	Control	Crucifix when opponent grabs leg	https://ok.ru/video/7617514096?fromTime=4806	turtle, crucifix, takedown counter, leg grab,	Carlos Newton	Kazushi Sakuraba	https://media.giphy.com/media/fxBZSNzxVFCKhem2dA/giphy.gif	animation (75).gif	NEEDS NAME REVIEW
MMA	Standing	Control	Double overhooks counter to double underhooks	https://ok.ru/video/33627114010	double overhooks, double underhooks,counter, control, hip out,	Clay Guida	Benson Henderson	https://media.giphy.com/media/fLmxKifJrDRMFDiulD/giphy.gif	animation (41).gif	
MMA	Standing	Control	Pumelling for underhook	https://ok.ru/video/27839629850	underhook, pumelling, esgrima,	Nate Diaz	Benson Henderson	https://media.giphy.com/media/3s24UTli2G2r2LHWOy/giphy.gif	animation (42).gif	
MMA	Standing	Takedown	ko soto gari double underhooks outside trip	https://ok.ru/video/27839629850?fromTime=930	double underhooks, outside trip, ko soto gari,	Benson Henderson	Nate Diaz	https://media.giphy.com/media/t6mheKh4IFvEhssJ1H/giphy.gif	animation (76).gif	
MMA	Standing	Takedown	Double leg from punch slip	https://ok.ru/video/27839629850	punch slip, double leg, counter, takedown,	Benson Henderson	Nate Diaz	https://media.giphy.com/media/CjmvVQl3fbo3GCc8lW/giphy.gif	animation (43).gif	
MMA	Guard (standing) 	Control	How to approach opponent on the floor from standing	https://ok.ru/video/27839629850	approach, guard, standing, floor, protection,	Benson Henderson	Nate Diaz	https://media.giphy.com/media/7YDdavv7wAZWb9rrOA/giphy.gif	animation (44).gif	
MMA	Back control	Escape 	Back to the floor back control escape 	https://ok.ru/video/27839629850	back control, escape, back against the floor,	Nate Diaz	Benson Henderson	https://media.giphy.com/media/MogALIRLJyRlhaIEc2/giphy.gif	animation (45).gif	
MMA	Standing	Takedown	High crotch	https://ok.ru/video/27839629850	high crotch, double underhooks, back control, standing, takedown,	Benson Henderson	Nate Diaz	https://media.giphy.com/media/ipMi0CWF41Vgyb9YXd/giphy.gif	animation (46).gif	
MMA	Standing	Takedown defense	Sprawl	https://ok.ru/video/243873876721	sprawl, defense, hips down, takedown, double leg	Nate Diaz	Conor Mcgregor	https://media.giphy.com/media/SGXUlfa0WZKlOy5y82/giphy.gif	animation (47).gif	
MMA	Side control	Transition	Leg weave to dope mount	https://ok.ru/video/13696242166?fromTime=505	leg weave, dope mount, side control, transition,	Conor Mcgregor	Dennis Siver	https://media.giphy.com/media/sRIY1ypvJvYzQ1Gw4Q/giphy.gif	animation (48).gif	
MMA	Side control	Submission	armbar counter to kimura	https://ok.ru/video/15975451162?fromTime=468	kimura counter, spinning armbar,	Matt Hughes	George St Pierre	https://media.giphy.com/media/pOqeFQvkjYVbSeiJ0I/giphy.gif	animation (49).gif	
MMA	Mount (top)	Submission	Mount to back control rear naked choke with gnp	https://ok.ru/video/243873876721?fromTime=1414	ground and pound, mount, back control, rear naked choke, RNC,	Nate Diaz	Conor Mcgregor	https://media.giphy.com/media/3pZij7nyG2jtQeX5R8/giphy.gif	animation (50).gif	
MMA	Standing	Takedown	ko soto gari outside trip	https://ok.ru/video/217989450377?fromTime=237	outside trip, ko soto gari, takedown, feint,	TJ Dillashaw	John Lineker	https://media.giphy.com/media/1mgP2K0FKIPDspGy4A/giphy.gif	animation (51).gif	
MMA	Standing	Takedown	Double leg from straight right duck in opposite stance	https://ok.ru/video/217989450377?fromTime=981	double leg, southpaw, straight right, duck	TJ Dillashaw	John Lineker	https://media.giphy.com/media/2UwFZbxGQ1r5XimB7A/giphy.gif	animation (52).gif	
MMA	Turtle (top)	Submission	Calf slicer	https://ok.ru/video/217989450377?fromTime=1063	calf slicer, truck, turtle, rolling,	TJ Dillashaw	John Lineker	https://media.giphy.com/media/9xapkW9ZxqdVxDHYjT/giphy.gif	animation (53).gif	
MMA	Mount (bottom)	Submission	Backdoor mount escape to heel hook	https://ok.ru/video/29386410522?fromTime=589	heel hook, mount escape, backdoor, feet on the armpits, heel hook,	Brian Ortega	Renato Tavares	https://media.giphy.com/media/1AHD16j3Dvhj2skm0y/giphy.gif	animation (54).gif	
MMA	Mount (bottom)	Escape 	Backdoor mount escape to heel hook	https://ok.ru/video/29386410522?fromTime=589	heel hook, mount escape, backdoor, feet on the armpits, heel hook,	Brian Ortega	Renato Tavares	https://media.giphy.com/media/1AHD16j3Dvhj2skm0y/giphy.gif	animation (54).gif	
MMA	Guard (bottom)	Submission	Triangle	https://ok.ru/video/29386410522?fromTime=661	triangle, guard, holding wrist, leg over arm, one arm in one arm out,	Brian Ortega	Renato Tavares	https://media.giphy.com/media/1xp1uZYwSaZYUy8Jgz/giphy.gif	animation (55).gif	
MMA	Guard (bottom)	Submission	armbar	https://ok.ru/video/29386410522?fromTime=160	armbar, bottom guard, punch block, elbows, sweep,	Brian Ortega	Renato Tavares	https://media.giphy.com/media/63LXyfv9MD4zlZjdDM/giphy.gif	animation (56).gif	
MMA	Guard (bottom)	Submission	Guillotine (arm in) from double leg counter	https://ok.ru/video/330150056283?fromTime=1099	guillotine, posture, guillotine,	Fabricio Werdum	Cain Velazquez	https://media.giphy.com/media/cAvfU6GA4CrY6DOEFi/giphy.gif	animation (57).gif	
MMA	Standing	Submission	Guillotine (arm in) from double leg counter	https://ok.ru/video/330150056283?fromTime=1099	guillotine, posture, guillotine,	Fabricio Werdum	Cain Velazquez	https://media.giphy.com/media/cAvfU6GA4CrY6DOEFi/giphy.gif	animation (57).gif	
MMA	Standing	Takedown	Single leg with ouchi gake leg reap finish	https://ok.ru/video/418140195477?fromTime=1442	takedown, small inside reap, ko uchi gari, single leg,	Fabricio Werdum	Marcin Tybura	https://media.giphy.com/media/9S1IBT2i47uE2di1Be/giphy.gif	animation (58).gif	NEEDS NAME REVIEW
MMA	Back control	Control	Wrist control from the back	https://ok.ru/video/8540325332?fromTime=188	wrist control, from the back, back control, 	Fabricio Werdum	Roy Nelson	https://media.giphy.com/media/jIhiC2qHidYbXuAHIu/giphy.gif	animation (59).gif	
MMA	Guard (bottom)	Transition 	Closing guard versus standing opponent 	https://ok.ru/video/8540325332?fromTime=422	closing guard, standing opponent,	Fabricio Werdum	Roy Nelson	https://media.giphy.com/media/RIFZWysrkl4YLCBnix/giphy.gif	animation (60).gif	
MMA	Guard (bottom)	Control	Closing guard versus standing opponent 	https://ok.ru/video/8540325332?fromTime=422	closing guard, standing opponent,	Fabricio Werdum	Roy Nelson	https://media.giphy.com/media/RIFZWysrkl4YLCBnix/giphy.gif	animation (60).gif	
MMA	Guard (bottom)	Submission	armbar versus standing punching opponent	https://ok.ru/video/8540325332?fromTime=423	closing guard, standing opponent,	Fabricio Werdum	Roy Nelson	https://media.giphy.com/media/1vZ8VKo2cTFrQWf3hY/giphy.gif	animation (61).gif	
MMA	Guard (bottom)	Control	Distance keeping and technical stand up	https://ok.ru/video/8540325332?fromTime=447	bottom, open guard, distance keeping, kicking the knee, technical stand up,	Fabricio Werdum	Roy Nelson	https://media.giphy.com/media/1FvR4Vulz2A841EE3E/giphy.gif	animation (62).gif	
MMA	Half guard (bottom)	Transition	half guard to deep half	https://ok.ru/video/363352822025?fromTime=279	deep half, half guard, back door exit,	Antonio Nogueira	Fabricio Werdum	https://media.giphy.com/media/2SXRjZo35tdxbsfAmN/giphy.gif	animation (63).gif	
MMA	Turtle (top)	Submission	belly down armbar from top turtle	https://ok.ru/video/363352822025?fromTime=646	belly down armbar	Fabricio Werdum	Antonio Nogueira	https://media.giphy.com/media/8rE4cgPBbX6DvqqOIm/giphy.gif	animation (64).gif	
MMA	Half guard (bottom)	Transition	Half guard to closed guard	https://ok.ru/video/18913692186?fromTime=488	half guard, closed guard, push knee, switch legs,	Fabricio Werdum	Mark Hunt	https://media.giphy.com/media/YkXMXy4rZHKtrXCtPY/giphy.gif	animation (65).gif	
MMA	Back control	Submission	Twister	https://youtu.be/Fk2J8_M094g?t=20	twister, back control, neck crank,	Chang Sung Jung	Leonard Garcia	https://media.giphy.com/media/CjsHyFza31Nc7khObv/giphy.gif	animation (77).gif	
MMA	Standing	Takedown	Double leg	https://ok.ru/video/191457659398?fromTime=234	mighty mouse, guillotine defense, pass to side control, 100kg, jump, cartwheel, double leg, takedown,	Demetrious Johnson	Tim Elliott	https://media.giphy.com/media/OQ7WINhZQNBWHsfPAC/giphy.gif	animation (66).gif	
MMA	Guard (top)	Submission defense	Guillotine defense by passing to side control	https://ok.ru/video/191457659398?fromTime=234	mighty mouse, guillotine defense, pass to side control, 100kg, jump, cartwheel, double leg, takedown,	Demetrious Johnson	Tim Elliott	https://media.giphy.com/media/OQ7WINhZQNBWHsfPAC/giphy.gif	animation (66).gif	
MMA	Guard (bottom)	Submission	Straight armlock from recovering guard	https://ok.ru/video/191457659398?fromTime=234	mighty mouse, armlock, reverse, straight armbar, ear to shoulder, head trap, forearm pushing against elbow, marcelo garcia sweep style armbar, 	Tim Elliott	Demetrious Johnson	https://media.giphy.com/media/8m507X2ji8s1fZvqXX/giphy.gif	animation (67).gif	
MMA	Side control	Submission	armbar counter to kimura	https://ok.ru/video/191457659398?fromTime=240	armbar counter to kimura, mighty mouse,	Demetrious Johnson	Tim Elliott	https://media.giphy.com/media/31WXyWT4XzGGQUQJgs/giphy.gif	animation (68).gif	
MMA	Guard (top)	Submission defense	Arm in guillotine defense by turning over with back against the floor	https://ok.ru/video/191457659398?fromTime=285	arm in guillotine defense, back to the mat, back to the floor, roll over	Demetrious Johnson	Tim Elliott	https://media.giphy.com/media/3eRqsWWIlkMhELTcx9/giphy.gif	animation (70).gif	
MMA	Side control (top)	Transition	Guillotine to darce choke	https://ok.ru/video/191457659398?fromTime=285	arm in guillotine defense, back to the mat, back to the floor, roll over, defense counter, darce choke,	Demetrious Johnson	Tim Elliott	https://media.giphy.com/media/ce1KvZpIJ9gvygffJ7/giphy.gif	animation (69).gif	
MMA	Side control (top)	Submission	Guillotine to darce choke	https://ok.ru/video/191457659398?fromTime=285	arm in guillotine defense, back to the mat, back to the floor, roll over, defense counter, darce choke,	Demetrious Johnson	Tim Elliott	https://media.giphy.com/media/ce1KvZpIJ9gvygffJ7/giphy.gif	animation (69).gif	
MMA	Standing	Takedown	Single leg from ducking a hook	https://ok.ru/video/191457659398?fromTime=443	single leg, duck, cross, jab,	Demetrious Johnson	Tim Elliott	https://media.giphy.com/media/ZgQai7MrUOxsN5TddX/giphy.gif	animation (71).gif	
MMA	Standing	Takedown	Double leg off a jab faint	https://ok.ru/video/191457659398?fromTime=1449	double leg, jab, head to the ribs, looking up, posture, side control,	Demetrious Johnson	Tim Elliott	https://media.giphy.com/media/QOykykkmVm5H5moCjD/giphy.gif	animation (72).gif	
MMA	Standing	Takedown	Ushiro goshi reverse hip throw	https://ok.ru/video/187639073302?fromTime=1149	reverse hip throw, two on one, back take, back control, double underhooks, ushiro goshi,	Demetrious Johnson	John Moraga	https://media.giphy.com/media/Wv7Aqb3u5eRuNaqGOV/giphy.gif	animation (73).gif	
MMA	Turtle (bottom) 	Submission defense	two on one choke defense	https://ok.ru/video/187639073302?fromTime=1149	rear naked choke, RNC, choke defense, double wrist control, two on one, 	John Moraga	Demetrious Johnson	https://media.giphy.com/media/4ac7nsf2bwa9Dcga4K/giphy.gif	animation (74).gif	
MMA	Guard (bottom)	Submission	Omoplata	https://youtu.be/5uqgP2E9oUg?t=58	omoplata, triangle defense counter, transition	Ben Saunders	Chris Heatherly	https://media.giphy.com/media/1APcnmwRJ9MjmvzklK/giphy.gif	animation (78).gif	
MMA	Turtle (top)	Submission	Peruvian necktie	https://youtu.be/5uqgP2E9oUg?t=83	peruvian necktie, top turtle, legs over the head and back,	CB Dolloway	Jesse Taylor	https://media.giphy.com/media/SL8GbyUwQWqt3SC8I6/giphy.gif	animation (79).gif	
MMA	Half guard (top)	Guard pass	Half guard pass	http://www.dailymotion.com/video/x3w3n16	half guard pass, leg trap, leg hook, underhook,	Mark Bocek	Dustin Hazelett	https://media.giphy.com/media/pzcEdkLmTZD6ZA3Fao/giphy.gif	animation (80).gif	
MMA	Standing	Takedown	Kani basami leg scissor takedown	https://ok.ru/video/89059887642?fromTime=1073	kani basami, leg scissor, takedown	Joe Lauzon	Jim Miller	https://media.giphy.com/media/yxidJ5fZU8h9GKWyvu/giphy.gif	animation (81).gif	
MMA	Standing	Takedown	Overhook o-guruma	https://15-lvl3-pdl.vimeocdn.com/01/180/1/25901262/57283940.mp4?expires=1519729314&token=0c99691698feae674338a	o guruma, big wheel, overhook, far side leg and hip trip, counter to double underhook, overhook,	Charles Oliveira	Nik Lentz	https://media.giphy.com/media/8rEk7DDkTywoTSJ8TL/giphy.gif	animation (82).gif	NEED NAME REVIEW
MMA	Mount	Submission	Armbar from mount to bellydown to rollover	https://ok.ru/video/24718805513?fromTime=1100	roll over, grab the leg, armbar from mount, belly down armbar,	Shinya Aoki	Koji Ando	https://media.giphy.com/media/g0EEIezXquqQP2LPnj/giphy.gif	animation (83).gif	
MMA	Mount	Transition	Armbar from mount to bellydown to rollover	https://ok.ru/video/24718805513?fromTime=1100	roll over, grab the leg, armbar from mount, belly down armbar,	Shinya Aoki	Koji Ando	https://media.giphy.com/media/g0EEIezXquqQP2LPnj/giphy.gif	animation (83).gif	
MMA	Standing	Transition	Guard jump	https://ok.ru/video/422849219221?fromTime=250	jump to guard, guard pull,	Shinya Aoki	Ben Askren	https://media.giphy.com/media/cI9T4FtNgOFKeEkE8X/giphy.gif	animation (84).gif	
MMA	Guard	Submission	Triangle from guard	https://youtu.be/k4spyy0HrM8?t=311	triangle, guard, holding wrist, leg over arm, one arm in one arm out,	Kron Gracie	Asen Yamamoto	https://media.giphy.com/media/4H7riUKZ3bSnwACBzS/giphy.gif	animation (85).gif	
Instructional	Mount	Submission	s mount armbar		s mount, s-mount, armbar,	Unknown	Unknown	https://media.giphy.com/media/9x8Af5lUcIJEOxBIS6/giphy.gif		
Instructional	Mount	Submission defense	hitchiker armbar escape	https://youtu.be/ZAx_oDrGZAQ?t=50	hitchhiker, autostop, armbar escape, bridge up, spin, come out the back,	Dean Lister	Unknown	https://media.giphy.com/media/jUYhYEwLuoEe9TQALH/giphy.gif		
Instructional	Mount	Submission defense	armbar escape pushing lower leg to half guard	https://youtu.be/u-ZH5SQODBg?t=83	armbar escape, half guard, lower leg, push between legs,	Kenneth Brown	Unknown	https://media.giphy.com/media/xFoPlbGvQImUq5bxiN/giphy.gif		
Instructional	Mount	Submission defense	armbar escape removing top leg	https://www.youtube.com/watch?v=4Dsk8LI-WO0&feature=youtu.be&t=111	pillow, top leg, armbar escape,	Stephan Kestling 	Unknown	https://media.giphy.com/media/5ZXzX1zAj38mJZkUKn/giphy.gif	animation (89).gif	
Instructional	Standing	Takedown	double leg	https://www.youtube.com/watch?v=-R9o-u4Ygj4	double leg, ear to the ribs, lateral movement, hands behind the knees, jab feint, level change, lower level, knees off the floor,	Dan Henderson	Unknown	https://media.giphy.com/media/bElIQHBt9MZSuu87Wn/giphy.gif	animation (88).gif	
Competition (gi)	Knee on belly	Submission	Far side armbar 	https://www.youtube.com/watch?v=OXbv2ODdLUc	spinning armbar, far side, Marcelo Garcia,	Marcelo Garcia	Unknown	https://media.giphy.com/media/fGLL8aJ5NQI2kvvh7x/giphy.gif	animation (87).gif	
Instructional	Half guard (top)	Submission	Jumping anaconda	https://youtu.be/Nw2xfELw4wc?t=580	jumping anaconda, guard pass, submission, anaconda, Rafael Mendes,	Rafael Mendes	Unknown	https://media.giphy.com/media/8P7y2ARUKtxe3e68o9/giphy.gif	animation.gif	
Instructional	Standing	Takedown	Snap down from collar tie	https://www.youtube.com/watch?v=JKGqCXgs8-g&feature=youtu.be&t=32	snap down, collar tie, head neck control, front headlock, lead leg back	Jordan Burroughs	Unknown	https://media.giphy.com/media/WwfQz6zkMECCqXD8Oc/giphy.gif	animation (38).gif	
MMA	Turtle (top)	Submission	Anaconda	https://www.youtube.com/watch?v=YkCCORoSsn8	front headlock, turtle, anaconda, arm triangle, gator roll,	Phil Davis	Alexander Gustafsson	https://media.giphy.com/media/4Hvww95rOMMmi9EvYw/giphy.gif	animation (91).gif	
Instructional	Turtle (top)	Submission	Anaconda	https://www.youtube.com/watch?v=3FdIVnyUUE8&feature=youtu.be&t=89	front headlock, turtle, anaconda, arm triangle, gator roll,	Ricky Lundell	Cael Sanderson	https://media.giphy.com/media/i3oXSaSuQiKGPp5oDX/giphy.gif	animation (92).gif	
Instructional	Standing	Guard pass	Knee slice guard pass	https://www.youtube.com/watch?v=3yyc7ZdoBVY	knee slice, knee slide, knee cut, underhook, guard pass, half guard,	Gustavo Gasperin	Unknown	https://media.giphy.com/media/3sdERDhDH76YzRMsyO/giphy.gif	animation (96).gif	
Instructional	Standing	Guard pass	Knee slice guard pass	https://www.youtube.com/watch?v=Gr2FoVttm7U	knee slice, knee slide, knee cut, underhook, guard pass, half guard,	Rafael Mendes	Unknown	https://media.giphy.com/media/29JRLgYUGSYxQDADCp/giphy.gif	animation (95).gif	
Instructional	Standing	Guard pass	Knee slice guard pass	https://www.youtube.com/watch?v=RnfqKQa8FOI	knee slice, knee slide, knee cut, underhook, guard pass, half guard,	Dean Lister	Unknown	https://media.giphy.com/media/SiM1AkrOj4kB6h6171/giphy.gif	animation (94).gif	
Instructional	Standing	Guard pass	Knee slice guard pass	https://www.youtube.com/watch?v=K2Zd6EjGIlU	knee slice, knee slide, knee cut, underhook, guard pass, half guard,	Firas Zahabi	Unknown	https://media.giphy.com/media/BpE6W59rGb0tRH9dyO/giphy.gif	animation (93).gif	
MMA	Standing	Guard pass	Knee slice guard pass	https://www.mma-core.com/videos/GSP_vs_Dan_Hardy_Full_Fight_UFC_111_Part_2/10195579?ref=related_videos_jwplayer	knee slice, knee slide, knee cut, underhook, guard pass, half guard,	GSP	Dan Hardy	https://media.giphy.com/media/1xmT2HFL9CHuct3F3h/giphy.gif	animation (97).gif	
Instructional	Half guard (bottom)	Sweep	Darce counter sweep	https://www.youtube.com/watch?v=gl-SJlfjSDU	Darce choke, counter, sweep, half guard, underhook,	Chewy	Unknown	https://media.giphy.com/media/C9xZiDwFDkdW6QGysl/giphy.gif	animation (98).gif	
MMA	Half guard (top)	Submission	Darce choke	https://www.youtube.com/watch?v=daTZwOV3FjQ&feature=youtu.be&t=251	Darce choke, top half guard,	Brendan Schaub	Matt Mitrione	https://media.giphy.com/media/7YCz9bPosdx9FZSyOb/giphy.gif	animation (99).gif	
Instructional	Half guard (top)	Submission	Darce choke	https://www.youtube.com/watch?v=tja1ct3Ps94	Darce choke, top half guard,	Steffan Kestling	Unknown	https://media.giphy.com/media/28Nclu9VwpAHRyz5Vu/giphy.gif	animation (100).gif	
Instructional	Half guard (top)	Submission	Darce choke	https://www.youtube.com/watch?v=TomfkAhqnlI	Darce choke, top half guard,	Gerbil	Unknown	https://media.giphy.com/media/jyPpe4we1XblvobASw/giphy.gif	animation (101).gif	
Instructional	Half guard (top)	Submission	Darce choke	https://www.youtube.com/watch?v=GUNVvR6xy-U	Darce choke, top half guard,	Ricardo Almeida	Bernardo Faria	https://media.giphy.com/media/eiHwJQdtshEDKTcyoV/giphy.gif	animation (102).gif	
Instructional	Turtle (top)	Submission	Darce choke	https://www.youtube.com/watch?v=GUNVvR6xy-U	Darce choke, top turtle, front headlock,	Ricardo Almeida	Bernardo Faria	https://media.giphy.com/media/eiHwJQdtshEDKTcyoV/giphy.gif	animation (102).gif	
Instructional	Mount (bottom)	Escape 	Trap and roll mount escape	https://www.youtube.com/watch?v=NkUO9Gw5S1s	trap and roll, upa, mount escape	Ryron Gracie	Rener Gracie	https://media.giphy.com/media/ujSryDXRgn7xY5vYUj/giphy.gif	animation (107).gif	
Instructional	Mount (top)	Submission	Americana	https://www.youtube.com/watch?v=VOiFJf8VrZI	americana, shoulder lock, figure four, figure 4,			https://media.giphy.com/media/4Q1Jcm7ZdUFG0Qp7R7/giphy.gif	animation (108).gif	
MMA	Mount (top)	Submission	Americana					https://media.giphy.com/media/9r589SJfogIBYQP7YK/giphy.gif		
Instructional	Mount (top)	Submission	Kata gatame	https://www.youtube.com/watch?v=P0cJJXW0XeE	kata gatame, arm triangle			https://media.giphy.com/media/45frpQrc5fWJRd4z5R/giphy.gif	animation (110).gif	
MMA	Mount (top)	Submission	Kata gatame	https://www.youtube.com/watch?v=C1cUWIo8gto	kata gatame, arm triangle	Travis Browne	Chad Griggs	https://media.giphy.com/media/bSRXjfw4j8Txl2M5R5/giphy.gif	animation (111).gif	
Instructional	Standing	Submission	Arm drag to RNC	https://www.youtube.com/watch?v=ApCMAy0gXnA	arm drag, RNC, rear naked choke,			https://media.giphy.com/media/WNWgOLyWoSM0Cez9ah/giphy.gif	animation (112).gif	
Instructional	Mount (top)	Control	Gift wrap		gift wrap, mount, armbar			https://media.giphy.com/media/4Z5vYv0V6wpA6wu2OA/giphy.gif	animation (103).gif	
Instructional	Mount (top)	Control	Gift wrap		gift wrap, mount,			https://media.giphy.com/media/wsVB9a2r8CceNmjxEi/giphy.gif	animation (104).gif	
Instructional	Mount (top)	Submission	Gift wrap		gift wrap, mount, armbar			https://media.giphy.com/media/4Z5vYv0V6wpA6wu2OA/giphy.gif	animation (103).gif	
Instructional	Standing	Takedown	Ouchi Gari (inner leg reap) no gi push variation					https://media.giphy.com/media/7FfMPa4Yy9XPwjkctb/giphy.gif	animation (105).gif	
Instructional	Standing	Takedown	Ouchi Gari (inner leg reap) no gi					https://media.giphy.com/media/1etPukU1nAP2Gd6Z6s/giphy.gif	animation (106).gif	
Instructional	Standing	Takedown	Osoto Gari no gi	https://www.youtube.com/watch?v=4ERBqK4zcI4	no gi, leg sweep, outside, inside, osoto gari, mule kick,			https://media.giphy.com/media/xlqki1lOOXHIvR9BzX/giphy.gif		
Instructional	Standing	Takedown	Kimura and sumi gaeshi counter to standing back clinch		roll over, sacrifice throw, sumi gaeshi, kimura, counter, back take, back clinch,			https://media.giphy.com/media/jHfZvNrBZuaRTWI2RY/giphy.gif		
Instructional	Mount (top)	Submission	Armbar from mount	https://www.youtube.com/watch?v=Uv4oqC6HoH0&feature=youtu.be	armbar from mount, walk the hands, s mount, s-mount, 			https://media.giphy.com/media/3DsR6ktJo6ffgEDp02/giphy.gif	animation (115).gif	
Instructional	Turtle (top)	Submission	Anaconda to darce	https://www.youtube.com/watch?v=G3MRCCrK6Z0&feature=youtu.be&t=187	anaconda, front headlock, darce, transition, sprawl,	Gustavo Gasperin	Unknown	https://media.giphy.com/media/25DDDVuXTTDmAY3ATO/giphy.gif	animation (116).gif	
MMA	Mount (top)	Submission	Armbar		armbar, RNC, hand behind knee, armbar defense, lock breaking, defense counter, leg over head,	Islam Mackhachev	Unknown	https://media.giphy.com/media/YUGFTjlfYvPRV3Wfxa/giphy.gif	gif1.gif	
Instructional	Side control (bottom)	Escape	Kesa gatame escape		Kesa gatame, headlock, legs over head	Stefan Kestling	Unknown	https://media.giphy.com/media/pHYggIOo6awuQZx570/giphy.gif		
Instructional	Side control (bottom)	Escape	Kesa gatame escape		Kesa gatame, headlock, leg hook	Roy Dean	Unknown	https://media.giphy.com/media/1kTU6hKeRyIFwl0QSx/giphy.gif		
Instructional	Guard (top)	Drill sequence	x pass to back take to one hand choke to back escape to half guard to jumping anaconda to darce		standing guard pass, x-pass, xpass, x pass, back take, back control, hand fight, one hand choke, one hand RNC, one hand rear choke, back escape back to the mat, slide out, half guard underhook, under hook, jumping half guard pass, jumping anaconda, punch through darce choke	Albert	Jack	https://media.giphy.com/media/RIUNIS9f79h2DDf3gr/giphy.gif		
Instructional	Guard (top)	Drill sequence	knee slice to mount to armlock to armlock escape to side control to elbow push side control escape		standing guard pass, knee slice, knee slide, knee cut, arm isolation, walk with the hands, spider hand walk, mount, s-mount, s mount, armbar, pendulum armbar escape, come up on the knees, stack armbar defense, hand behind the head, armbar defense to side control, side control hand positioning, shoulder push, elbow push side control escape	Albert	Jack	https://media.giphy.com/media/1ircirP1r0F1R24wAG/giphy.gif		
MMA	Guard (bottom)	Sweep	Tripod sweep		grab ankle, push hip, 	Anthony Pettis	Jeremy Stephens	https://media.giphy.com/media/9Dm6RIcc2bs9yok0ac/giphy.gif		
MMA	Guard (bottom)	Sweep	Tripod sweep		grab ankle, push hip, 	Anthony Pettis	Dustin Poirier	https://media.giphy.com/media/khUn2xkjAqd3ZGmDzE/giphy.gif		
Instructional	Half guard (bottom)	Sweep	Anti-darce	https://www.youtube.com/watch?v=uR90yYoddX8&feature=youtu.be	antidarce, anti-darce, anti darce, grab hand, c grip, pinza, elbow on biceps, sweep, underhook,	Gerbil	Unknown	https://media.giphy.com/media/1r94Ok6iueMoPXZgm8/giphy.gif		
Instructional	Half guard (bottom)	Sweep	Old school sweep	https://www.youtube.com/watch?v=l79h-oYC96k&feature=youtu.be	underhook, grab the foot, old school, sweep,	Geo Martinez	Unknown	https://media.giphy.com/media/9JnFb3ZJKZY9NIQdCC/giphy.gif		
Instructional	Half guard (bottom)	Sweep	Half guard sweep	https://youtu.be/65oxIM5llsk?t=539	underhook, grab the leg, sweep,	Lachland Giles	Unknown	https://media.giphy.com/media/404ylR1saEawGvynD3/giphy.gif		
Instructional	Half guard (bottom)	Back take	Half guard back take from hip switch	https://www.youtube.com/watch?v=aRXvpFhfetc&feature=youtu.be&t=143	back take, get up on the elbow, switch hip, half butterfly	Unknown	Unknown	https://media.giphy.com/media/KyzaIIcCyNhyPmeSXQ/giphy.gif		
Instructional	Standing	Takedown	Takedown from the back	https://www.youtube.com/watch?v=trVa6kA4ATc	mat return, takedown from the back, pinch the hips,	Unknown	Unknown	https://media.giphy.com/media/31Zk2mLW0GE0sjqX67/giphy.gif		
Instructional	Turtle (top)	Back take	Back take from top turtle side	https://www.youtube.com/watch?v=dd0e1Z4kKl4	back take, shoot far knee in,	Jason Scully	Unknown	https://media.giphy.com/media/65IQAvjViX3XPnMVi7/giphy.gif		
MMA	Standing	Takedown	Ouchi gari	https://www.youtube.com/watch?v=CsLSxHxxWRQ	ouchi gari, inside leg trip, underhook	Khabib Nurmagomedov	Edson Barbosa	https://media.giphy.com/media/65FCknMG1u3Lv4UHYH/giphy.gif		